pattern	heter_with	heter_without	nonheter_with	nonheter_without	pvalue
-*---	0	15	1	99	1.0
--*--	0	15	1	99	1.0
---*-	0	15	1	99	1.0
-*-*-*-	4	11	27	73	1.0
-*--g	0	15	1	99	1.0
--*-g	0	15	1	99	1.0
---*g	0	15	1	99	1.0
-*-*-*g	15	0	100	0	1.0
-*-au	0	15	1	99	1.0
--*au	0	15	1	99	1.0
--a*u	0	15	1	99	1.0
-*-*a*u	15	0	100	0	1.0
-*aac	3	12	15	85	0.7024684594145707
-a*ac	1	14	0	100	0.13043478260869582
-aa*c	1	14	0	100	0.13043478260869582
-*a*a*c	15	0	100	0	1.0
-*aau	3	12	14	86	0.4636653667094038
-a*au	0	15	2	98	1.0
-aa*u	0	15	2	98	1.0
-*a*a*u	15	0	100	0	1.0
-*agu	3	12	22	78	1.0
-a*gu	0	15	2	98	1.0
-ag*u	0	15	3	97	1.0
-*a*g*u	15	0	100	0	1.0
-*aua	6	9	15	85	0.030459363425243434
-a*ua	0	15	3	97	1.0
-au*a	1	14	2	98	0.3450922419554077
-*a*u*a	15	0	99	1	1.0
-*caa	2	13	13	87	1.0
-c*aa	1	14	4	96	0.5094513318121597
-ca*a	0	15	3	97	1.0
-*c*a*a	15	0	99	1	1.0
-*ccc	3	12	23	77	1.0
-c*cc	0	15	3	97	1.0
-cc*c	0	15	3	97	1.0
-*c*c*c	15	0	100	0	1.0
-*cua	4	11	18	82	0.4821820571700842
-c*ua	2	13	1	99	0.04436929183289108
-cu*a	2	13	5	95	0.22653689974219002
-*c*u*a	15	0	99	1	1.0
-*cuc	4	11	25	75	1.0
-c*uc	0	15	6	94	1.0
-cu*c	0	15	4	96	1.0
-*c*u*c	15	0	100	0	1.0
-*cuu	5	10	39	61	0.780662018199606
-c*uu	0	15	2	98	1.0
-cu*u	2	13	4	96	0.17498633077499448
-*c*u*u	15	0	100	0	1.0
-*gaa	5	10	10	90	0.02620557781668138
-g*aa	2	13	1	99	0.04436929183289108
-ga*a	1	14	1	99	0.24485125858123602
-*g*a*a	15	0	99	1	1.0
-*gac	2	13	6	94	0.2794398756113018
-g*ac	0	15	1	99	1.0
-ga*c	0	15	4	96	1.0
-*g*a*c	15	0	100	0	1.0
-*gcc	3	12	15	85	0.7024684594145707
-g*cc	0	15	4	96	1.0
-gc*c	0	15	3	97	1.0
-*g*c*c	15	0	100	0	1.0
-*gcu	1	14	36	64	0.034597635431523124
-g*cu	2	13	6	94	0.2794398756113018
-gc*u	0	15	2	98	1.0
-*g*c*u	15	0	100	0	1.0
-*ggu	3	12	23	77	1.0
-g*gu	0	15	1	99	1.0
-gg*u	0	15	1	99	1.0
-*g*g*u	15	0	100	0	1.0
-*uaa	1	14	15	85	0.6902818050202708
-u*aa	1	14	2	98	0.3450922419554077
-ua*a	0	15	1	99	1.0
-*u*a*a	15	0	99	1	1.0
-*uca	3	12	15	85	0.7024684594145707
-u*ca	0	15	4	96	1.0
-uc*a	0	15	3	97	1.0
-*u*c*a	15	0	99	1	1.0
-*ucc	2	13	25	75	0.5150176970034019
-u*cc	0	15	6	94	1.0
-uc*c	0	15	5	95	1.0
-*u*c*c	15	0	100	0	1.0
-*ucu	3	12	26	74	0.7575739467974134
-u*cu	2	13	5	95	0.22653689974219002
-uc*u	0	15	2	98	1.0
-*u*c*u	15	0	100	0	1.0
a*-aa	1	14	1	99	0.24485125858123602
a-*aa	3	12	18	82	1.0
a-a*a	1	14	1	99	0.24485125858123602
a*-*a*a	15	0	99	1	1.0
a*-ag	0	15	3	97	1.0
a-*ag	4	11	13	87	0.23320165933391518
a-a*g	0	15	1	99	1.0
a*-*a*g	15	0	100	0	1.0
a*-cc	0	15	3	97	1.0
a-*cc	3	12	17	83	0.7233634293071101
a-c*c	0	15	1	99	1.0
a*-*c*c	15	0	100	0	1.0
a*a-a	1	14	1	99	0.24485125858123602
aa*-a	1	14	1	99	0.24485125858123602
aa-*a	2	13	19	81	0.7350112849152299
a*a*-*a	15	0	99	1	1.0
a*aaa	2	13	18	82	1.0
aa*aa	2	13	18	82	1.0
aaa*a	2	13	18	82	1.0
a*a*a*a	15	0	99	1	1.0
a*aac	3	12	15	85	0.7024684594145707
aa*ac	3	12	15	85	0.7024684594145707
aaa*c	3	12	15	85	0.7024684594145707
a*a*a*c	15	0	100	0	1.0
a*aag	4	11	12	88	0.22063578018620197
aa*ag	4	11	12	88	0.22063578018620197
aaa*g	4	11	12	88	0.22063578018620197
a*a*a*g	15	0	100	0	1.0
a*aau	3	12	14	86	0.4636653667094038
aa*au	3	12	14	86	0.4636653667094038
aaa*u	3	12	14	86	0.4636653667094038
a*a*a*u	15	0	100	0	1.0
a*ac-	0	15	2	98	1.0
aa*c-	0	15	2	98	1.0
aac*-	0	15	2	98	1.0
a*a*c*-	4	11	27	73	1.0
a*aca	3	12	9	91	0.1903946209321449
aa*ca	3	12	9	91	0.1903946209321449
aac*a	2	13	23	77	0.5175854333145022
a*a*c*a	15	0	99	1	1.0
a*acc	3	12	16	84	0.7120313288208955
aa*cc	3	12	16	84	0.7120313288208955
aac*c	3	12	15	85	0.7024684594145707
a*a*c*c	15	0	100	0	1.0
a*acg	1	14	5	95	0.5763443320195916
aa*cg	1	14	5	95	0.5763443320195916
aac*g	5	10	15	85	0.1349938555220738
a*a*c*g	15	0	100	0	1.0
a*acu	4	11	17	83	0.4710953986364728
aa*cu	4	11	17	83	0.4710953986364728
aac*u	4	11	18	82	0.4821820571700842
a*a*c*u	15	0	100	0	1.0
a*aga	3	12	11	89	0.3905221126090068
aa*ga	3	12	11	89	0.3905221126090068
aag*a	4	11	20	80	0.5127945576177627
a*a*g*a	15	0	99	1	1.0
a*agc	1	14	31	69	0.06391331803125251
aa*gc	1	14	31	69	0.06391331803125251
aag*c	3	12	17	83	0.7233634293071101
a*a*g*c	15	0	100	0	1.0
a*agg	3	12	19	81	1.0
aa*gg	3	12	19	81	1.0
aag*g	4	11	12	88	0.22063578018620197
a*a*g*g	15	0	100	0	1.0
a*agu	3	12	22	78	1.0
aa*gu	3	12	22	78	1.0
aag*u	5	10	20	80	0.31189022676974043
a*a*g*u	15	0	100	0	1.0
a*au-	0	15	3	97	1.0
aa*u-	0	15	3	97	1.0
aau*-	0	15	2	98	1.0
a*a*u*-	4	11	27	73	1.0
a*aua	6	9	15	85	0.030459363425243434
aa*ua	6	9	15	85	0.030459363425243434
aau*a	4	11	18	82	0.4821820571700842
a*a*u*a	15	0	99	1	1.0
a*auc	2	13	11	89	0.677506911939163
aa*uc	2	13	11	89	0.677506911939163
aau*c	3	12	18	82	1.0
a*a*u*c	15	0	100	0	1.0
a*aug	4	11	35	65	0.7707069954826392
aa*ug	4	11	35	65	0.7707069954826392
aau*g	5	10	18	82	0.17673539041733569
a*a*u*g	15	0	100	0	1.0
a*auu	2	13	16	84	1.0
aa*uu	2	13	16	84	1.0
aau*u	3	12	14	86	0.4636653667094038
a*a*u*u	15	0	100	0	1.0
a*c-c	0	15	3	97	1.0
ac*-c	0	15	2	98	1.0
ac-*c	3	12	17	83	0.7233634293071101
a*c*-*c	15	0	100	0	1.0
a*caa	2	13	13	87	1.0
ac*aa	2	13	19	81	0.7350112849152299
aca*a	3	12	9	91	0.1903946209321449
a*c*a*a	15	0	99	1	1.0
a*cag	4	11	12	88	0.22063578018620197
ac*ag	6	9	14	86	0.023578908959310054
aca*g	3	12	7	93	0.12285122496715421
a*c*a*g	15	0	100	0	1.0
a*cau	2	13	29	71	0.3485267259159749
ac*au	4	11	21	79	0.7371672360816952
aca*u	4	11	22	78	0.742500074769899
a*c*a*u	15	0	100	0	1.0
a*cca	2	13	17	83	1.0
ac*ca	4	11	14	86	0.2497538015826257
acc*a	4	11	14	86	0.2497538015826257
a*c*c*a	15	0	99	1	1.0
a*ccc	3	12	23	77	1.0
ac*cc	3	12	16	84	0.7120313288208955
acc*c	3	12	16	84	0.7120313288208955
a*c*c*c	15	0	100	0	1.0
a*ccg	4	11	12	88	0.22063578018620197
ac*cg	3	12	9	91	0.1903946209321449
acc*g	3	12	9	91	0.1903946209321449
a*c*c*g	15	0	100	0	1.0
a*ccu	2	13	29	71	0.3485267259159749
ac*cu	4	11	24	76	0.7575739467974122
acc*u	4	11	24	76	0.7575739467974122
a*c*c*u	15	0	100	0	1.0
a*cgg	4	11	14	86	0.2497538015826257
ac*gg	5	10	24	76	0.524471972564149
acg*g	1	14	5	95	0.5763443320195916
a*c*g*g	15	0	100	0	1.0
a*cgu	0	15	9	91	0.6030611925014224
ac*gu	3	12	25	75	1.0
acg*u	4	11	20	80	0.5127945576177627
a*c*g*u	15	0	100	0	1.0
a*cu-	0	15	4	96	1.0
ac*u-	0	15	4	96	1.0
acu*-	0	15	3	97	1.0
a*c*u*-	4	11	27	73	1.0
a*cua	4	11	18	82	0.4821820571700842
ac*ua	6	9	21	79	0.1147070908821467
acu*a	4	11	14	86	0.2497538015826257
a*c*u*a	15	0	99	1	1.0
a*cuc	4	11	25	75	1.0
ac*uc	3	12	19	81	1.0
acu*c	4	11	24	76	0.7575739467974122
a*c*u*c	15	0	100	0	1.0
a*cug	2	13	28	72	0.34714581955568824
ac*ug	5	10	38	62	0.7835105634177938
acu*g	2	13	10	90	0.6554870727370815
a*c*u*g	15	0	100	0	1.0
a*cuu	5	10	39	61	0.780662018199606
ac*uu	3	12	21	79	1.0
acu*u	4	11	17	83	0.4710953986364728
a*c*u*u	15	0	100	0	1.0
a*g--	0	15	1	99	1.0
ag*--	0	15	1	99	1.0
ag-*-	0	15	1	99	1.0
a*g*-*-	4	11	27	73	1.0
a*ga-	1	14	1	99	0.24485125858123602
ag*a-	1	14	1	99	0.24485125858123602
aga*-	1	14	1	99	0.24485125858123602
a*g*a*-	4	11	27	73	1.0
a*gag	3	12	29	71	0.553461967554508
ag*ag	4	11	17	83	0.4710953986364728
aga*g	4	11	21	79	0.7371672360816952
a*g*a*g	15	0	100	0	1.0
a*gau	5	10	16	84	0.14599891072830418
ag*au	5	10	15	85	0.1349938555220738
aga*u	5	10	23	77	0.5183377100843249
a*g*a*u	15	0	100	0	1.0
a*gca	1	14	17	83	0.45977606552528083
ag*ca	3	12	12	88	0.41196771273347754
agc*a	3	12	15	85	0.7024684594145707
a*g*c*a	15	0	99	1	1.0
a*gcc	3	12	15	85	0.7024684594145707
ag*cc	3	12	22	78	1.0
agc*c	1	14	31	69	0.06391331803125251
a*g*c*c	15	0	100	0	1.0
a*gcg	1	14	10	90	1.0
ag*cg	2	13	12	88	1.0
agc*g	4	11	25	75	1.0
a*g*c*g	15	0	100	0	1.0
a*gcu	1	14	36	64	0.034597635431523124
ag*cu	4	11	34	66	0.7702682411685875
agc*u	3	12	38	62	0.25006706894818304
a*g*c*u	15	0	100	0	1.0
a*gga	7	8	25	75	0.11930332946122074
ag*ga	5	10	14	86	0.12718067044999948
agg*a	5	10	14	86	0.12718067044999948
a*g*g*a	15	0	99	1	1.0
a*ggc	1	14	16	84	0.695078787164737
ag*gc	1	14	35	65	0.034666654908516836
agg*c	1	14	35	65	0.034666654908516836
a*g*g*c	15	0	100	0	1.0
a*ggg	0	15	19	81	0.07245705586048182
ag*gg	3	12	19	81	1.0
agg*g	3	12	19	81	1.0
a*g*g*g	15	0	100	0	1.0
a*ggu	3	12	23	77	1.0
ag*gu	4	11	27	73	1.0
agg*u	4	11	27	73	1.0
a*g*g*u	15	0	100	0	1.0
a*gua	2	13	28	72	0.34714581955568824
ag*ua	6	9	24	76	0.21306105245371065
agu*a	3	12	19	81	1.0
a*g*u*a	15	0	99	1	1.0
a*guc	3	12	12	88	0.41196771273347754
ag*uc	3	12	15	85	0.7024684594145707
agu*c	2	13	35	65	0.1384219114020702
a*g*u*c	15	0	100	0	1.0
a*gug	3	12	20	80	1.0
ag*ug	6	9	38	62	1.0
agu*g	5	10	24	76	0.524471972564149
a*g*u*g	15	0	100	0	1.0
a*guu	0	15	20	80	0.06962953809570545
ag*uu	2	13	20	80	0.7323406259726088
agu*u	3	12	22	78	1.0
a*g*u*u	15	0	100	0	1.0
a*u--	0	15	1	99	1.0
au*--	0	15	1	99	1.0
au-*-	0	15	3	97	1.0
a*u*-*-	4	11	27	73	1.0
a*u-c	0	15	6	94	1.0
au*-c	0	15	3	97	1.0
au-*c	2	13	12	88	1.0
a*u*-*c	15	0	100	0	1.0
a*uaa	1	14	15	85	0.6902818050202708
au*aa	2	13	20	80	0.7323406259726088
aua*a	6	9	15	85	0.030459363425243434
a*u*a*a	15	0	99	1	1.0
a*uac	5	10	16	84	0.14599891072830418
au*ac	7	8	20	80	0.04414484864460002
aua*c	7	8	18	82	0.01951340258174216
a*u*a*c	15	0	100	0	1.0
a*uag	0	15	22	78	0.07121659105915282
au*ag	4	11	16	84	0.2928338265800654
aua*g	4	11	38	62	0.5670053935916375
a*u*a*g	15	0	100	0	1.0
a*uau	7	8	20	80	0.04414484864460002
au*au	4	11	18	82	0.4821820571700842
aua*u	5	10	19	81	0.30298414507370997
a*u*a*u	15	0	100	0	1.0
a*uca	3	12	15	85	0.7024684594145707
au*ca	3	12	11	89	0.3905221126090068
auc*a	7	8	17	83	0.015160446247752868
a*u*c*a	15	0	99	1	1.0
a*ucg	2	13	8	92	0.6172078585967606
au*cg	1	14	8	92	1.0
auc*g	4	11	36	64	0.5712967885464744
a*u*c*g	15	0	100	0	1.0
a*ucu	3	12	26	74	0.7575739467974134
au*cu	5	10	25	75	0.5331937208507023
auc*u	3	12	21	79	1.0
a*u*c*u	15	0	100	0	1.0
a*ug-	2	13	3	97	0.12621018479040802
au*g-	0	15	3	97	1.0
aug*-	0	15	5	95	1.0
a*u*g*-	4	11	27	73	1.0
a*uga	2	13	21	79	0.7319089173048273
au*ga	4	11	15	85	0.2697937266529852
aug*a	6	9	22	78	0.19291171505583782
a*u*g*a	15	0	99	1	1.0
a*ugc	3	12	18	82	1.0
au*gc	4	11	40	60	0.40134848483802565
aug*c	4	11	19	81	0.49622444900137264
a*u*g*c	15	0	100	0	1.0
a*ugg	4	11	27	73	1.0
au*gg	4	11	29	71	1.0
aug*g	4	11	35	65	0.7707069954826392
a*u*g*g	15	0	100	0	1.0
a*ugu	2	13	28	72	0.34714581955568824
au*gu	3	12	30	70	0.5491066042582271
aug*u	2	13	28	72	0.34714581955568824
a*u*g*u	15	0	100	0	1.0
a*uua	0	15	18	82	0.12276359547776422
au*ua	6	9	17	83	0.07550497256134162
auu*a	6	9	17	83	0.07550497256134162
a*u*u*a	15	0	99	1	1.0
a*uuc	3	12	21	79	1.0
au*uc	2	13	16	84	1.0
auu*c	2	13	16	84	1.0
a*u*u*c	15	0	100	0	1.0
a*uug	3	12	20	80	1.0
au*ug	6	9	41	59	1.0
auu*g	6	9	41	59	1.0
a*u*u*g	15	0	100	0	1.0
a*uuu	2	13	21	79	0.7319089173048273
au*uu	2	13	16	84	1.0
auu*u	2	13	16	84	1.0
a*u*u*u	15	0	100	0	1.0
c*-ag	0	15	3	97	1.0
c-*ag	4	11	14	86	0.2497538015826257
c-a*g	0	15	2	98	1.0
c*-*a*g	15	0	100	0	1.0
c*-ca	0	15	3	97	1.0
c-*ca	2	13	18	82	1.0
c-c*a	0	15	4	96	1.0
c*-*c*a	15	0	99	1	1.0
c*-ua	0	15	1	99	1.0
c-*ua	4	11	19	81	0.49622444900137264
c-u*a	0	15	3	97	1.0
c*-*u*a	15	0	99	1	1.0
c*aaa	2	13	18	82	1.0
ca*aa	2	13	13	87	1.0
caa*a	2	13	13	87	1.0
c*a*a*a	15	0	99	1	1.0
c*aac	3	12	15	85	0.7024684594145707
ca*ac	2	13	14	86	1.0
caa*c	2	13	14	86	1.0
c*a*a*c	15	0	100	0	1.0
c*aag	4	11	12	88	0.22063578018620197
ca*ag	6	9	13	87	0.01787853243956863
caa*g	6	9	13	87	0.01787853243956863
c*a*a*g	15	0	100	0	1.0
c*aca	3	12	9	91	0.1903946209321449
ca*ca	3	12	20	80	1.0
cac*a	4	11	14	86	0.2497538015826257
c*a*c*a	15	0	99	1	1.0
c*acc	3	12	16	84	0.7120313288208955
ca*cc	3	12	25	75	1.0
cac*c	2	13	9	91	0.6350714918622437
c*a*c*c	15	0	100	0	1.0
c*acg	1	14	5	95	0.5763443320195916
ca*cg	4	11	14	86	0.2497538015826257
cac*g	4	11	15	85	0.2697937266529852
c*a*c*g	15	0	100	0	1.0
c*acu	4	11	17	83	0.4710953986364728
ca*cu	2	13	35	65	0.1384219114020702
cac*u	2	13	33	67	0.1452162165752132
c*a*c*u	15	0	100	0	1.0
c*aga	3	12	11	89	0.3905221126090068
ca*ga	3	12	8	92	0.15530534130351564
cag*a	3	12	14	86	0.4636653667094038
c*a*g*a	15	0	99	1	1.0
c*agc	1	14	31	69	0.06391331803125251
ca*gc	2	13	14	86	1.0
cag*c	3	12	12	88	0.41196771273347754
c*a*g*c	15	0	100	0	1.0
c*agg	3	12	19	81	1.0
ca*gg	5	10	17	83	0.15998543311831082
cag*g	4	11	12	88	0.22063578018620197
c*a*g*g	15	0	100	0	1.0
c*agu	3	12	22	78	1.0
ca*gu	2	13	13	87	1.0
cag*u	3	12	34	66	0.3799310178907508
c*a*g*u	15	0	100	0	1.0
c*aua	6	9	15	85	0.030459363425243434
ca*ua	6	9	21	79	0.1147070908821467
cau*a	4	11	18	82	0.4821820571700842
c*a*u*a	15	0	99	1	1.0
c*auc	2	13	11	89	0.677506911939163
ca*uc	4	11	27	73	1.0
cau*c	2	13	13	87	1.0
c*a*u*c	15	0	100	0	1.0
c*aug	4	11	35	65	0.7707069954826392
ca*ug	2	13	44	56	0.025663002902710445
cau*g	4	11	29	71	1.0
c*a*u*g	15	0	100	0	1.0
c*auu	2	13	16	84	1.0
ca*uu	5	10	47	53	0.4090810476831524
cau*u	2	13	29	71	0.3485267259159749
c*a*u*u	15	0	100	0	1.0
c*c-c	0	15	3	97	1.0
cc*-c	0	15	3	97	1.0
cc-*c	3	12	24	76	1.0
c*c*-*c	15	0	100	0	1.0
c*caa	2	13	13	87	1.0
cc*aa	2	13	13	87	1.0
cca*a	2	13	17	83	1.0
c*c*a*a	15	0	99	1	1.0
c*cac	2	13	9	91	0.6350714918622437
cc*ac	2	13	9	91	0.6350714918622437
cca*c	3	12	24	76	1.0
c*c*a*c	15	0	100	0	1.0
c*cag	4	11	12	88	0.22063578018620197
cc*ag	4	11	12	88	0.22063578018620197
cca*g	4	11	16	84	0.2928338265800654
c*c*a*g	15	0	100	0	1.0
c*cau	2	13	29	71	0.3485267259159749
cc*au	2	13	29	71	0.3485267259159749
cca*u	3	12	38	62	0.25006706894818304
c*c*a*u	15	0	100	0	1.0
c*cca	2	13	17	83	1.0
cc*ca	2	13	17	83	1.0
ccc*a	2	13	17	83	1.0
c*c*c*a	15	0	99	1	1.0
c*ccc	3	12	23	77	1.0
cc*cc	3	12	23	77	1.0
ccc*c	3	12	23	77	1.0
c*c*c*c	15	0	100	0	1.0
c*ccg	4	11	12	88	0.22063578018620197
cc*cg	4	11	12	88	0.22063578018620197
ccc*g	4	11	12	88	0.22063578018620197
c*c*c*g	15	0	100	0	1.0
c*ccu	2	13	29	71	0.3485267259159749
cc*cu	2	13	29	71	0.3485267259159749
ccc*u	2	13	29	71	0.3485267259159749
c*c*c*u	15	0	100	0	1.0
c*cga	2	13	7	93	0.3325547459097998
cc*ga	2	13	7	93	0.3325547459097998
ccg*a	5	10	23	77	0.5183377100843249
c*c*g*a	15	0	99	1	1.0
c*cgc	1	14	12	88	1.0
cc*gc	1	14	12	88	1.0
ccg*c	3	12	24	76	1.0
c*c*g*c	15	0	100	0	1.0
c*cgg	4	11	14	86	0.2497538015826257
cc*gg	4	11	14	86	0.2497538015826257
ccg*g	4	11	12	88	0.22063578018620197
c*c*g*g	15	0	100	0	1.0
c*cgu	0	15	9	91	0.6030611925014224
cc*gu	0	15	9	91	0.6030611925014224
ccg*u	2	13	34	66	0.14063640468610394
c*c*g*u	15	0	100	0	1.0
c*cua	4	11	18	82	0.4821820571700842
cc*ua	4	11	18	82	0.4821820571700842
ccu*a	2	13	23	77	0.5175854333145022
c*c*u*a	15	0	99	1	1.0
c*cuc	4	11	25	75	1.0
cc*uc	4	11	25	75	1.0
ccu*c	3	12	27	73	0.7560560734768198
c*c*u*c	15	0	100	0	1.0
c*cug	2	13	28	72	0.34714581955568824
cc*ug	2	13	28	72	0.34714581955568824
ccu*g	4	11	17	83	0.4710953986364728
c*c*u*g	15	0	100	0	1.0
c*cuu	5	10	39	61	0.780662018199606
cc*uu	5	10	39	61	0.780662018199606
ccu*u	2	13	29	71	0.3485267259159749
c*c*u*u	15	0	100	0	1.0
c*gaa	5	10	10	90	0.02620557781668138
cg*aa	5	10	14	86	0.12718067044999948
cga*a	2	13	7	93	0.3325547459097998
c*g*a*a	15	0	99	1	1.0
c*gac	2	13	6	94	0.2794398756113018
cg*ac	2	13	13	87	1.0
cga*c	1	14	13	87	0.6901536997062554
c*g*a*c	15	0	100	0	1.0
c*gag	3	12	29	71	0.553461967554508
cg*ag	5	10	15	85	0.1349938555220738
cga*g	5	10	17	83	0.15998543311831082
c*g*a*g	15	0	100	0	1.0
c*gau	5	10	16	84	0.14599891072830418
cg*au	3	12	30	70	0.5491066042582271
cga*u	1	14	11	89	1.0
c*g*a*u	15	0	100	0	1.0
c*gcc	3	12	15	85	0.7024684594145707
cg*cc	3	12	24	76	1.0
cgc*c	1	14	12	88	1.0
c*g*c*c	15	0	100	0	1.0
c*gcg	1	14	10	90	1.0
cg*cg	4	11	12	88	0.22063578018620197
cgc*g	4	11	14	86	0.2497538015826257
c*g*c*g	15	0	100	0	1.0
c*gcu	1	14	36	64	0.034597635431523124
cg*cu	2	13	33	67	0.1452162165752132
cgc*u	0	15	16	84	0.12492088346179735
c*g*c*u	15	0	100	0	1.0
c*gga	7	8	25	75	0.11930332946122074
cg*ga	5	10	13	87	0.05820119582131833
cgg*a	5	10	13	87	0.05820119582131833
c*g*g*a	15	0	99	1	1.0
c*ggg	0	15	19	81	0.07245705586048182
cg*gg	4	11	14	86	0.2497538015826257
cgg*g	4	11	14	86	0.2497538015826257
c*g*g*g	15	0	100	0	1.0
c*ggu	3	12	23	77	1.0
cg*gu	0	15	13	87	0.2119251303741796
cgg*u	0	15	13	87	0.2119251303741796
c*g*g*u	15	0	100	0	1.0
c*guc	3	12	12	88	0.41196771273347754
cg*uc	4	11	29	71	1.0
cgu*c	1	14	17	83	0.45977606552528083
c*g*u*c	15	0	100	0	1.0
c*gug	3	12	20	80	1.0
cg*ug	2	13	32	68	0.22437931882668477
cgu*g	4	11	17	83	0.4710953986364728
c*g*u*g	15	0	100	0	1.0
c*guu	0	15	20	80	0.06962953809570545
cg*uu	5	10	42	58	0.585266993898903
cgu*u	0	15	9	91	0.6030611925014224
c*g*u*u	15	0	100	0	1.0
c*u-a	0	15	1	99	1.0
cu*-a	0	15	3	97	1.0
cu-*a	4	11	19	81	0.49622444900137264
c*u*-*a	15	0	99	1	1.0
c*u-c	0	15	6	94	1.0
cu*-c	0	15	6	94	1.0
cu-*c	4	11	25	75	1.0
c*u*-*c	15	0	100	0	1.0
c*u-g	0	15	3	97	1.0
cu*-g	0	15	3	97	1.0
cu-*g	2	13	28	72	0.34714581955568824
c*u*-*g	15	0	100	0	1.0
c*u-u	0	15	4	96	1.0
cu*-u	0	15	6	94	1.0
cu-*u	5	10	40	60	0.7789985665499759
c*u*-*u	15	0	100	0	1.0
c*uaa	1	14	15	85	0.6902818050202708
cu*aa	2	13	21	79	0.7319089173048273
cua*a	4	11	18	82	0.4821820571700842
c*u*a*a	15	0	99	1	1.0
c*uac	5	10	16	84	0.14599891072830418
cu*ac	4	11	11	89	0.10686419865185394
cua*c	6	9	27	73	0.3605149630348663
c*u*a*c	15	0	100	0	1.0
c*uag	0	15	22	78	0.07121659105915282
cu*ag	4	11	20	80	0.5127945576177627
cua*g	2	13	35	65	0.1384219114020702
c*u*a*g	15	0	100	0	1.0
c*uau	7	8	20	80	0.04414484864460002
cu*au	4	11	35	65	0.7707069954826392
cua*u	6	9	44	56	1.0
c*u*a*u	15	0	100	0	1.0
c*uc-	0	15	2	98	1.0
cu*c-	0	15	3	97	1.0
cuc*-	0	15	5	95	1.0
c*u*c*-	4	11	27	73	1.0
c*uca	3	12	15	85	0.7024684594145707
cu*ca	2	13	24	76	0.5147116793740311
cuc*a	4	11	25	75	1.0
c*u*c*a	15	0	99	1	1.0
c*ucc	2	13	25	75	0.5150176970034019
cu*cc	5	10	31	69	1.0
cuc*c	4	11	25	75	1.0
c*u*c*c	15	0	100	0	1.0
c*ucg	2	13	8	92	0.6172078585967606
cu*cg	6	9	17	83	0.07550497256134162
cuc*g	4	11	33	67	0.7711572959628348
c*u*c*g	15	0	100	0	1.0
c*ucu	3	12	26	74	0.7575739467974134
cu*cu	4	11	36	64	0.5712967885464744
cuc*u	6	9	42	58	1.0
c*u*c*u	15	0	100	0	1.0
c*uga	2	13	21	79	0.7319089173048273
cu*ga	3	12	16	84	0.7120313288208955
cug*a	5	10	24	76	0.524471972564149
c*u*g*a	15	0	99	1	1.0
c*ugc	3	12	18	82	1.0
cu*gc	1	14	18	82	0.4594873751281101
cug*c	4	11	31	69	1.0
c*u*g*c	15	0	100	0	1.0
c*ugg	4	11	27	73	1.0
cu*gg	4	11	22	78	0.742500074769899
cug*g	2	13	28	72	0.34714581955568824
c*u*g*g	15	0	100	0	1.0
c*ugu	2	13	28	72	0.34714581955568824
cu*gu	1	14	20	80	0.2986931020752988
cug*u	6	9	49	51	0.5871842020609002
c*u*g*u	15	0	100	0	1.0
c*uu-	0	15	7	93	0.5918913290096985
cu*u-	0	15	11	89	0.3543572548332006
cuu*-	0	15	11	89	0.3543572548332006
c*u*u*-	4	11	27	73	1.0
c*uua	0	15	18	82	0.12276359547776422
cu*ua	4	11	28	72	1.0
cuu*a	4	11	28	72	1.0
c*u*u*a	15	0	99	1	1.0
c*uuc	3	12	21	79	1.0
cu*uc	5	10	32	68	1.0
cuu*c	5	10	32	68	1.0
c*u*u*c	15	0	100	0	1.0
c*uug	3	12	20	80	1.0
cu*ug	2	13	37	63	0.08483553272562733
cuu*g	2	13	37	63	0.08483553272562733
c*u*u*g	15	0	100	0	1.0
c*uuu	2	13	21	79	0.7319089173048273
cu*uu	5	10	39	61	0.780662018199606
cuu*u	5	10	39	61	0.780662018199606
c*u*u*u	15	0	100	0	1.0
g*--a	0	15	1	99	1.0
g-*-a	0	15	1	99	1.0
g--*a	0	15	1	99	1.0
g*-*-*a	15	0	99	1	1.0
g*-cg	0	15	1	99	1.0
g-*cg	1	14	11	89	1.0
g-c*g	1	14	2	98	0.3450922419554077
g*-*c*g	15	0	100	0	1.0
g*-cu	2	13	4	96	0.17498633077499448
g-*cu	3	12	36	64	0.2592385557685271
g-c*u	2	13	2	98	0.08195966059820575
g*-*c*u	15	0	100	0	1.0
g*-ga	1	14	1	99	0.24485125858123602
g-*ga	8	7	26	74	0.06432550209561012
g-g*a	1	14	1	99	0.24485125858123602
g*-*g*a	15	0	99	1	1.0
g*-gc	0	15	3	97	1.0
g-*gc	1	14	17	83	0.45977606552528083
g-g*c	2	13	2	98	0.08195966059820575
g*-*g*c	15	0	100	0	1.0
g*-uc	0	15	5	95	1.0
g-*uc	3	12	14	86	0.4636653667094038
g-u*c	2	13	3	97	0.12621018479040802
g*-*u*c	15	0	100	0	1.0
g*a-a	1	14	1	99	0.24485125858123602
ga*-a	1	14	0	100	0.13043478260869582
ga-*a	6	9	10	90	0.006686191574569594
g*a*-*a	15	0	99	1	1.0
g*a-c	0	15	1	99	1.0
ga*-c	2	13	2	98	0.08195966059820575
ga-*c	2	13	7	93	0.3325547459097998
g*a*-*c	15	0	100	0	1.0
g*aaa	2	13	18	82	1.0
ga*aa	5	10	10	90	0.02620557781668138
gaa*a	5	10	10	90	0.02620557781668138
g*a*a*a	15	0	99	1	1.0
g*aac	3	12	15	85	0.7024684594145707
ga*ac	3	12	11	89	0.3905221126090068
gaa*c	3	12	11	89	0.3905221126090068
g*a*a*c	15	0	100	0	1.0
g*aag	4	11	12	88	0.22063578018620197
ga*ag	4	11	31	69	1.0
gaa*g	4	11	31	69	1.0
g*a*a*g	15	0	100	0	1.0
g*aau	3	12	14	86	0.4636653667094038
ga*au	8	7	17	83	0.003967129960352119
gaa*u	8	7	17	83	0.003967129960352119
g*a*a*u	15	0	100	0	1.0
g*aca	3	12	9	91	0.1903946209321449
ga*ca	1	14	22	78	0.29763846181975706
gac*a	5	10	12	88	0.04571301463348402
g*a*c*a	15	0	99	1	1.0
g*acc	3	12	16	84	0.7120313288208955
ga*cc	3	12	18	82	1.0
gac*c	2	13	6	94	0.2794398756113018
g*a*c*c	15	0	100	0	1.0
g*acg	1	14	5	95	0.5763443320195916
ga*cg	2	13	12	88	1.0
gac*g	3	12	30	70	0.5491066042582271
g*a*c*g	15	0	100	0	1.0
g*acu	4	11	17	83	0.4710953986364728
ga*cu	2	13	37	63	0.08483553272562733
gac*u	6	9	20	80	0.10171013181861469
g*a*c*u	15	0	100	0	1.0
g*ag-	0	15	1	99	1.0
ga*g-	1	14	1	99	0.24485125858123602
gag*-	1	14	2	98	0.3450922419554077
g*a*g*-	4	11	27	73	1.0
g*aga	3	12	11	89	0.3905221126090068
ga*ga	9	6	26	74	0.013768194023355095
gag*a	8	7	13	87	0.0009774160915634147
g*a*g*a	15	0	99	1	1.0
g*agc	1	14	31	69	0.06391331803125251
ga*gc	1	14	32	68	0.06329614098379825
gag*c	2	13	25	75	0.5150176970034019
g*a*g*c	15	0	100	0	1.0
g*agg	3	12	19	81	1.0
ga*gg	2	13	22	78	0.7335740793091396
gag*g	3	12	29	71	0.553461967554508
g*a*g*g	15	0	100	0	1.0
g*agu	3	12	22	78	1.0
ga*gu	4	11	28	72	1.0
gag*u	6	9	21	79	0.1147070908821467
g*a*g*u	15	0	100	0	1.0
g*au-	0	15	3	97	1.0
ga*u-	0	15	3	97	1.0
gau*-	1	14	3	97	0.43280310240780934
g*a*u*-	4	11	27	73	1.0
g*aua	6	9	15	85	0.030459363425243434
ga*ua	5	10	31	69	1.0
gau*a	6	9	14	86	0.023578908959310054
g*a*u*a	15	0	99	1	1.0
g*auc	2	13	11	89	0.677506911939163
ga*uc	5	10	14	86	0.12718067044999948
gau*c	4	11	10	90	0.0853552330958079
g*a*u*c	15	0	100	0	1.0
g*aug	4	11	35	65	0.7707069954826392
ga*ug	5	10	26	74	0.544255852843987
gau*g	4	11	32	68	0.7733982155088386
g*a*u*g	15	0	100	0	1.0
g*auu	2	13	16	84	1.0
ga*uu	1	14	22	78	0.29763846181975706
gau*u	5	10	16	84	0.14599891072830418
g*a*u*u	15	0	100	0	1.0
g*c-u	0	15	2	98	1.0
gc*-u	0	15	3	97	1.0
gc-*u	1	14	36	64	0.034597635431523124
g*c*-*u	15	0	100	0	1.0
g*caa	2	13	13	87	1.0
gc*aa	5	10	14	86	0.12718067044999948
gca*a	1	14	17	83	0.45977606552528083
g*c*a*a	15	0	99	1	1.0
g*cac	2	13	9	91	0.6350714918622437
gc*ac	2	13	11	89	0.677506911939163
gca*c	3	12	24	76	1.0
g*c*a*c	15	0	100	0	1.0
g*cag	4	11	12	88	0.22063578018620197
gc*ag	4	11	34	66	0.7702682411685875
gca*g	1	14	12	88	1.0
g*c*a*g	15	0	100	0	1.0
g*cau	2	13	29	71	0.3485267259159749
gc*au	6	9	23	77	0.2016000477500924
gca*u	2	13	40	60	0.049557863094049026
g*c*a*u	15	0	100	0	1.0
g*cca	2	13	17	83	1.0
gc*ca	2	13	24	76	0.5147116793740311
gcc*a	2	13	24	76	0.5147116793740311
g*c*c*a	15	0	99	1	1.0
g*ccc	3	12	23	77	1.0
gc*cc	3	12	15	85	0.7024684594145707
gcc*c	3	12	15	85	0.7024684594145707
g*c*c*c	15	0	100	0	1.0
g*ccg	4	11	12	88	0.22063578018620197
gc*cg	2	13	10	90	0.6554870727370815
gcc*g	2	13	10	90	0.6554870727370815
g*c*c*g	15	0	100	0	1.0
g*ccu	2	13	29	71	0.3485267259159749
gc*cu	3	12	43	57	0.15570834176470916
gcc*u	3	12	43	57	0.15570834176470916
g*c*c*u	15	0	100	0	1.0
g*cgc	1	14	12	88	1.0
gc*gc	2	13	23	77	0.5175854333145022
gcg*c	3	12	20	80	1.0
g*c*g*c	15	0	100	0	1.0
g*cgg	4	11	14	86	0.2497538015826257
gc*gg	1	14	20	80	0.2986931020752988
gcg*g	1	14	10	90	1.0
g*c*g*g	15	0	100	0	1.0
g*cgu	0	15	9	91	0.6030611925014224
gc*gu	3	12	24	76	1.0
gcg*u	1	14	37	63	0.01945513429765867
g*c*g*u	15	0	100	0	1.0
g*cu-	0	15	4	96	1.0
gc*u-	0	15	2	98	1.0
gcu*-	0	15	9	91	0.6030611925014224
g*c*u*-	4	11	27	73	1.0
g*cua	4	11	18	82	0.4821820571700842
gc*ua	2	13	32	68	0.22437931882668477
gcu*a	1	14	22	78	0.29763846181975706
g*c*u*a	15	0	99	1	1.0
g*cuc	4	11	25	75	1.0
gc*uc	5	10	19	81	0.30298414507370997
gcu*c	4	11	23	77	0.749371561538668
g*c*u*c	15	0	100	0	1.0
g*cug	2	13	28	72	0.34714581955568824
gc*ug	3	12	35	65	0.3786800158877868
gcu*g	1	14	26	74	0.187162649592014
g*c*u*g	15	0	100	0	1.0
g*cuu	5	10	39	61	0.780662018199606
gc*uu	1	14	38	62	0.018290298599324697
gcu*u	1	14	36	64	0.034597635431523124
g*c*u*u	15	0	100	0	1.0
g*g-g	1	14	2	98	0.3450922419554077
gg*-g	1	14	2	98	0.3450922419554077
gg-*g	1	14	19	81	0.4633917122704191
g*g*-*g	15	0	100	0	1.0
g*ga-	1	14	1	99	0.24485125858123602
gg*a-	1	14	1	99	0.24485125858123602
gga*-	1	14	1	99	0.24485125858123602
g*g*a*-	4	11	27	73	1.0
g*gaa	5	10	10	90	0.02620557781668138
gg*aa	5	10	10	90	0.02620557781668138
gga*a	7	8	25	75	0.11930332946122074
g*g*a*a	15	0	99	1	1.0
g*gac	2	13	6	94	0.2794398756113018
gg*ac	2	13	6	94	0.2794398756113018
gga*c	4	11	23	77	0.749371561538668
g*g*a*c	15	0	100	0	1.0
g*gag	3	12	29	71	0.553461967554508
gg*ag	3	12	29	71	0.553461967554508
gga*g	0	15	27	73	0.020330091889427915
g*g*a*g	15	0	100	0	1.0
g*gau	5	10	16	84	0.14599891072830418
gg*au	5	10	16	84	0.14599891072830418
gga*u	7	8	29	71	0.23149857466747453
g*g*a*u	15	0	100	0	1.0
g*gc-	0	15	1	99	1.0
gg*c-	0	15	1	99	1.0
ggc*-	1	14	1	99	0.24485125858123602
g*g*c*-	4	11	27	73	1.0
g*gca	1	14	17	83	0.45977606552528083
gg*ca	1	14	17	83	0.45977606552528083
ggc*a	7	8	29	71	0.23149857466747453
g*g*c*a	15	0	99	1	1.0
g*gcc	3	12	15	85	0.7024684594145707
gg*cc	3	12	15	85	0.7024684594145707
ggc*c	1	14	16	84	0.695078787164737
g*g*c*c	15	0	100	0	1.0
g*gcg	1	14	10	90	1.0
gg*cg	1	14	10	90	1.0
ggc*g	0	15	21	79	0.06923884059273397
g*g*c*g	15	0	100	0	1.0
g*gcu	1	14	36	64	0.034597635431523124
gg*cu	1	14	36	64	0.034597635431523124
ggc*u	3	12	32	68	0.5481043778256938
g*g*c*u	15	0	100	0	1.0
g*gga	7	8	25	75	0.11930332946122074
gg*ga	7	8	25	75	0.11930332946122074
ggg*a	7	8	25	75	0.11930332946122074
g*g*g*a	15	0	99	1	1.0
g*ggc	1	14	16	84	0.695078787164737
gg*gc	1	14	16	84	0.695078787164737
ggg*c	1	14	16	84	0.695078787164737
g*g*g*c	15	0	100	0	1.0
g*ggg	0	15	19	81	0.07245705586048182
gg*gg	0	15	19	81	0.07245705586048182
ggg*g	0	15	19	81	0.07245705586048182
g*g*g*g	15	0	100	0	1.0
g*ggu	3	12	23	77	1.0
gg*gu	3	12	23	77	1.0
ggg*u	3	12	23	77	1.0
g*g*g*u	15	0	100	0	1.0
g*gua	2	13	28	72	0.34714581955568824
gg*ua	2	13	28	72	0.34714581955568824
ggu*a	7	8	32	68	0.38024072766202177
g*g*u*a	15	0	99	1	1.0
g*guc	3	12	12	88	0.41196771273347754
gg*uc	3	12	12	88	0.41196771273347754
ggu*c	3	12	22	78	1.0
g*g*u*c	15	0	100	0	1.0
g*gug	3	12	20	80	1.0
gg*ug	3	12	20	80	1.0
ggu*g	0	15	23	77	0.03891566490254872
g*g*u*g	15	0	100	0	1.0
g*guu	0	15	20	80	0.06962953809570545
gg*uu	0	15	20	80	0.06962953809570545
ggu*u	3	12	23	77	1.0
g*g*u*u	15	0	100	0	1.0
g*u-c	0	15	6	94	1.0
gu*-c	2	13	2	98	0.08195966059820575
gu-*c	3	12	13	87	0.436607854846396
g*u*-*c	15	0	100	0	1.0
g*uaa	1	14	15	85	0.6902818050202708
gu*aa	5	10	13	87	0.05820119582131833
gua*a	2	13	28	72	0.34714581955568824
g*u*a*a	15	0	99	1	1.0
g*uac	5	10	16	84	0.14599891072830418
gu*ac	2	13	14	86	1.0
gua*c	3	12	20	80	1.0
g*u*a*c	15	0	100	0	1.0
g*uag	0	15	22	78	0.07121659105915282
gu*ag	3	12	37	63	0.2532988780058958
gua*g	3	12	26	74	0.7575739467974134
g*u*a*g	15	0	100	0	1.0
g*uau	7	8	20	80	0.04414484864460002
gu*au	7	8	27	73	0.13651736317669863
gua*u	2	13	29	71	0.3485267259159749
g*u*a*u	15	0	100	0	1.0
g*uca	3	12	15	85	0.7024684594145707
gu*ca	3	12	19	81	1.0
guc*a	4	11	28	72	1.0
g*u*c*a	15	0	99	1	1.0
g*ucc	2	13	25	75	0.5150176970034019
gu*cc	3	12	22	78	1.0
guc*c	3	12	12	88	0.41196771273347754
g*u*c*c	15	0	100	0	1.0
g*ucu	3	12	26	74	0.7575739467974134
gu*cu	2	13	42	58	0.04488179104566381
guc*u	1	14	25	75	0.18450626162337286
g*u*c*u	15	0	100	0	1.0
g*ug-	2	13	3	97	0.12621018479040802
gu*g-	3	12	1	99	0.006778923067576602
gug*-	2	13	2	98	0.08195966059820575
g*u*g*-	4	11	27	73	1.0
g*uga	2	13	21	79	0.7319089173048273
gu*ga	7	8	31	69	0.24933524410876168
gug*a	2	13	34	66	0.14063640468610394
g*u*g*a	15	0	99	1	1.0
g*ugc	3	12	18	82	1.0
gu*gc	1	14	19	81	0.4633917122704191
gug*c	3	12	16	84	0.7120313288208955
g*u*g*c	15	0	100	0	1.0
g*ugg	4	11	27	73	1.0
gu*gg	2	13	24	76	0.5147116793740311
gug*g	3	12	20	80	1.0
g*u*g*g	15	0	100	0	1.0
g*ugu	2	13	28	72	0.34714581955568824
gu*gu	4	11	30	70	1.0
gug*u	3	12	26	74	0.7575739467974134
g*u*g*u	15	0	100	0	1.0
g*uua	0	15	18	82	0.12276359547776422
gu*ua	2	13	32	68	0.22437931882668477
guu*a	2	13	32	68	0.22437931882668477
g*u*u*a	15	0	99	1	1.0
g*uuc	3	12	21	79	1.0
gu*uc	3	12	19	81	1.0
guu*c	3	12	19	81	1.0
g*u*u*c	15	0	100	0	1.0
g*uug	3	12	20	80	1.0
gu*ug	3	12	25	75	1.0
guu*g	3	12	25	75	1.0
g*u*u*g	15	0	100	0	1.0
g*uuu	2	13	21	79	0.7319089173048273
gu*uu	0	15	20	80	0.06962953809570545
guu*u	0	15	20	80	0.06962953809570545
g*u*u*u	15	0	100	0	1.0
u*---	0	15	1	99	1.0
u-*--	0	15	1	99	1.0
u--*-	0	15	1	99	1.0
u*-*-*-	4	11	27	73	1.0
u*-aa	1	14	1	99	0.24485125858123602
u-*aa	1	14	15	85	0.6902818050202708
u-a*a	0	15	1	99	1.0
u*-*a*a	15	0	99	1	1.0
u*-ca	0	15	3	97	1.0
u-*ca	3	12	16	84	0.7120313288208955
u-c*a	0	15	2	98	1.0
u*-*c*a	15	0	99	1	1.0
u*-cc	0	15	3	97	1.0
u-*cc	2	13	27	73	0.3490320656412181
u-c*c	0	15	6	94	1.0
u*-*c*c	15	0	100	0	1.0
u*-cu	2	13	4	96	0.17498633077499448
u-*cu	3	12	28	72	0.7561623671267184
u-c*u	0	15	9	91	0.6030611925014224
u*-*c*u	15	0	100	0	1.0
u*-gc	0	15	3	97	1.0
u-*gc	3	12	20	80	1.0
u-g*c	0	15	8	92	0.5940506341472097
u*-*g*c	15	0	100	0	1.0
u*-gg	0	15	2	98	1.0
u-*gg	4	11	29	71	1.0
u-g*g	0	15	3	97	1.0
u*-*g*g	15	0	100	0	1.0
u*-uc	0	15	5	95	1.0
u-*uc	3	12	24	76	1.0
u-u*c	0	15	9	91	0.6030611925014224
u*-*u*c	15	0	100	0	1.0
u*aa-	0	15	1	99	1.0
ua*a-	0	15	1	99	1.0
uaa*-	0	15	1	99	1.0
u*a*a*-	4	11	27	73	1.0
u*aaa	2	13	18	82	1.0
ua*aa	1	14	15	85	0.6902818050202708
uaa*a	1	14	15	85	0.6902818050202708
u*a*a*a	15	0	99	1	1.0
u*aac	3	12	15	85	0.7024684594145707
ua*ac	6	9	18	82	0.08205154937489956
uaa*c	6	9	18	82	0.08205154937489956
u*a*a*c	15	0	100	0	1.0
u*aau	3	12	14	86	0.4636653667094038
ua*au	7	8	25	75	0.11930332946122074
uaa*u	7	8	25	75	0.11930332946122074
u*a*a*u	15	0	100	0	1.0
u*ac-	0	15	2	98	1.0
ua*c-	0	15	3	97	1.0
uac*-	0	15	1	99	1.0
u*a*c*-	4	11	27	73	1.0
u*aca	3	12	9	91	0.1903946209321449
ua*ca	5	10	16	84	0.14599891072830418
uac*a	2	13	18	82	1.0
u*a*c*a	15	0	99	1	1.0
u*acc	3	12	16	84	0.7120313288208955
ua*cc	4	11	33	67	0.7711572959628348
uac*c	5	10	16	84	0.14599891072830418
u*a*c*c	15	0	100	0	1.0
u*acu	4	11	17	83	0.4710953986364728
ua*cu	5	10	32	68	1.0
uac*u	7	8	26	74	0.1268226832864724
u*a*c*u	15	0	100	0	1.0
u*aga	3	12	11	89	0.3905221126090068
ua*ga	2	13	27	73	0.3490320656412181
uag*a	1	14	21	79	0.29612615083396976
u*a*g*a	15	0	99	1	1.0
u*agc	1	14	31	69	0.06391331803125251
ua*gc	3	12	27	73	0.7560560734768198
uag*c	5	10	26	74	0.544255852843987
u*a*g*c	15	0	100	0	1.0
u*agg	3	12	19	81	1.0
ua*gg	4	11	29	71	1.0
uag*g	0	15	22	78	0.07121659105915282
u*a*g*g	15	0	100	0	1.0
u*agu	3	12	22	78	1.0
ua*gu	2	13	35	65	0.1384219114020702
uag*u	7	8	26	74	0.1268226832864724
u*a*g*u	15	0	100	0	1.0
u*aua	6	9	15	85	0.030459363425243434
ua*ua	4	11	25	75	1.0
uau*a	5	10	23	77	0.5183377100843249
u*a*u*a	15	0	99	1	1.0
u*auc	2	13	11	89	0.677506911939163
ua*uc	3	12	25	75	1.0
uau*c	5	10	21	79	0.3240626962709677
u*a*u*c	15	0	100	0	1.0
u*aug	4	11	35	65	0.7707069954826392
ua*ug	6	9	28	72	0.3707683704633338
uau*g	4	11	32	68	0.7733982155088386
u*a*u*g	15	0	100	0	1.0
u*auu	2	13	16	84	1.0
ua*uu	3	12	23	77	1.0
uau*u	7	8	20	80	0.04414484864460002
u*a*u*u	15	0	100	0	1.0
u*c-a	0	15	2	98	1.0
uc*-a	0	15	2	98	1.0
uc-*a	3	12	16	84	0.7120313288208955
u*c*-*a	15	0	99	1	1.0
u*c-c	0	15	3	97	1.0
uc*-c	0	15	8	92	0.5940506341472097
uc-*c	2	13	25	75	0.5150176970034019
u*c*-*c	15	0	100	0	1.0
u*caa	2	13	13	87	1.0
uc*aa	3	12	19	81	1.0
uca*a	3	12	15	85	0.7024684594145707
u*c*a*a	15	0	99	1	1.0
u*cac	2	13	9	91	0.6350714918622437
uc*ac	6	9	16	84	0.03862532833328294
uca*c	3	12	27	73	0.7560560734768198
u*c*a*c	15	0	100	0	1.0
u*cag	4	11	12	88	0.22063578018620197
uc*ag	0	15	25	75	0.03862020176745541
uca*g	4	11	11	89	0.10686419865185394
u*c*a*g	15	0	100	0	1.0
u*cau	2	13	29	71	0.3485267259159749
uc*au	7	8	30	70	0.23913706774850862
uca*u	3	12	32	68	0.5481043778256938
u*c*a*u	15	0	100	0	1.0
u*cc-	0	15	1	99	1.0
uc*c-	0	15	3	97	1.0
ucc*-	0	15	3	97	1.0
u*c*c*-	4	11	27	73	1.0
u*cca	2	13	17	83	1.0
uc*ca	3	12	20	80	1.0
ucc*a	3	12	20	80	1.0
u*c*c*a	15	0	99	1	1.0
u*ccc	3	12	23	77	1.0
uc*cc	2	13	25	75	0.5150176970034019
ucc*c	2	13	25	75	0.5150176970034019
u*c*c*c	15	0	100	0	1.0
u*ccg	4	11	12	88	0.22063578018620197
uc*cg	3	12	17	83	0.7233634293071101
ucc*g	3	12	17	83	0.7233634293071101
u*c*c*g	15	0	100	0	1.0
u*ccu	2	13	29	71	0.3485267259159749
uc*cu	3	12	33	67	0.38404901842788886
ucc*u	3	12	33	67	0.38404901842788886
u*c*c*u	15	0	100	0	1.0
u*cga	2	13	7	93	0.3325547459097998
uc*ga	3	12	26	74	0.7575739467974134
ucg*a	5	10	19	81	0.30298414507370997
u*c*g*a	15	0	99	1	1.0
u*cgc	1	14	12	88	1.0
uc*gc	3	12	19	81	1.0
ucg*c	2	13	26	74	0.3542900049096367
u*c*g*c	15	0	100	0	1.0
u*cgg	4	11	14	86	0.2497538015826257
uc*gg	5	10	33	67	1.0
ucg*g	2	13	8	92	0.6172078585967606
u*c*g*g	15	0	100	0	1.0
u*cgu	0	15	9	91	0.6030611925014224
uc*gu	2	13	32	68	0.22437931882668477
ucg*u	3	12	27	73	0.7560560734768198
u*c*g*u	15	0	100	0	1.0
u*cu-	0	15	4	96	1.0
uc*u-	0	15	8	92	0.5940506341472097
ucu*-	0	15	3	97	1.0
u*c*u*-	4	11	27	73	1.0
u*cua	4	11	18	82	0.4821820571700842
uc*ua	0	15	23	77	0.03891566490254872
ucu*a	3	12	25	75	1.0
u*c*u*a	15	0	99	1	1.0
u*cuc	4	11	25	75	1.0
uc*uc	3	12	25	75	1.0
ucu*c	3	12	29	71	0.553461967554508
u*c*u*c	15	0	100	0	1.0
u*cug	2	13	28	72	0.34714581955568824
uc*ug	4	11	27	73	1.0
ucu*g	3	12	18	82	1.0
u*c*u*g	15	0	100	0	1.0
u*cuu	5	10	39	61	0.780662018199606
uc*uu	4	11	29	71	1.0
ucu*u	3	12	26	74	0.7575739467974134
u*c*u*u	15	0	100	0	1.0
u*g-c	2	13	1	99	0.04436929183289108
ug*-c	2	13	7	93	0.3325547459097998
ug-*c	5	10	19	81	0.30298414507370997
u*g*-*c	15	0	100	0	1.0
u*g-g	1	14	2	98	0.3450922419554077
ug*-g	0	15	4	96	1.0
ug-*g	4	11	28	72	1.0
u*g*-*g	15	0	100	0	1.0
u*g-u	0	15	2	98	1.0
ug*-u	0	15	5	95	1.0
ug-*u	2	13	29	71	0.3485267259159749
u*g*-*u	15	0	100	0	1.0
u*gaa	5	10	10	90	0.02620557781668138
ug*aa	2	13	19	81	0.7350112849152299
uga*a	2	13	21	79	0.7319089173048273
u*g*a*a	15	0	99	1	1.0
u*gag	3	12	29	71	0.553461967554508
ug*ag	1	14	41	59	0.009346066727116156
uga*g	5	10	43	57	0.5807217205151068
u*g*a*g	15	0	100	0	1.0
u*gau	5	10	16	84	0.14599891072830418
ug*au	8	7	27	73	0.06698521977500055
uga*u	3	12	31	69	0.5473411895473638
u*g*a*u	15	0	100	0	1.0
u*gca	1	14	17	83	0.45977606552528083
ug*ca	4	11	22	78	0.742500074769899
ugc*a	3	12	28	72	0.7561623671267184
u*g*c*a	15	0	99	1	1.0
u*gcc	3	12	15	85	0.7024684594145707
ug*cc	4	11	27	73	1.0
ugc*c	3	12	18	82	1.0
u*g*c*c	15	0	100	0	1.0
u*gcg	1	14	10	90	1.0
ug*cg	2	13	10	90	0.6554870727370815
ugc*g	4	11	27	73	1.0
u*g*c*g	15	0	100	0	1.0
u*gcu	1	14	36	64	0.034597635431523124
ug*cu	3	12	34	66	0.3799310178907508
ugc*u	3	12	33	67	0.38404901842788886
u*g*c*u	15	0	100	0	1.0
u*gga	7	8	25	75	0.11930332946122074
ug*ga	4	11	33	67	0.7711572959628348
ugg*a	4	11	33	67	0.7711572959628348
u*g*g*a	15	0	99	1	1.0
u*ggc	1	14	16	84	0.695078787164737
ug*gc	3	12	24	76	1.0
ugg*c	3	12	24	76	1.0
u*g*g*c	15	0	100	0	1.0
u*ggg	0	15	19	81	0.07245705586048182
ug*gg	4	11	27	73	1.0
ugg*g	4	11	27	73	1.0
u*g*g*g	15	0	100	0	1.0
u*ggu	3	12	23	77	1.0
ug*gu	4	11	36	64	0.5712967885464744
ugg*u	4	11	36	64	0.5712967885464744
u*g*g*u	15	0	100	0	1.0
u*gu-	0	15	1	99	1.0
ug*u-	0	15	8	92	0.5940506341472097
ugu*-	2	13	4	96	0.17498633077499448
u*g*u*-	4	11	27	73	1.0
u*gua	2	13	28	72	0.34714581955568824
ug*ua	2	13	34	66	0.14063640468610394
ugu*a	4	11	35	65	0.7707069954826392
u*g*u*a	15	0	99	1	1.0
u*guc	3	12	12	88	0.41196771273347754
ug*uc	5	10	25	75	0.5331937208507023
ugu*c	3	12	24	76	1.0
u*g*u*c	15	0	100	0	1.0
u*gug	3	12	20	80	1.0
ug*ug	4	11	27	73	1.0
ugu*g	5	10	33	67	1.0
u*g*u*g	15	0	100	0	1.0
u*guu	0	15	20	80	0.06962953809570545
ug*uu	2	13	28	72	0.34714581955568824
ugu*u	2	13	28	72	0.34714581955568824
u*g*u*u	15	0	100	0	1.0
u*u-c	0	15	6	94	1.0
uu*-c	0	15	6	94	1.0
uu-*c	3	12	23	77	1.0
u*u*-*c	15	0	100	0	1.0
u*u-g	0	15	3	97	1.0
uu*-g	0	15	3	97	1.0
uu-*g	3	12	22	78	1.0
u*u*-*g	15	0	100	0	1.0
u*u-u	0	15	4	96	1.0
uu*-u	0	15	4	96	1.0
uu-*u	2	13	24	76	0.5147116793740311
u*u*-*u	15	0	100	0	1.0
u*uaa	1	14	15	85	0.6902818050202708
uu*aa	1	14	15	85	0.6902818050202708
uua*a	0	15	18	82	0.12276359547776422
u*u*a*a	15	0	99	1	1.0
u*uag	0	15	22	78	0.07121659105915282
uu*ag	0	15	22	78	0.07121659105915282
uua*g	3	12	30	70	0.5491066042582271
u*u*a*g	15	0	100	0	1.0
u*uau	7	8	20	80	0.04414484864460002
uu*au	7	8	20	80	0.04414484864460002
uua*u	2	13	26	74	0.3542900049096367
u*u*a*u	15	0	100	0	1.0
u*uc-	0	15	2	98	1.0
uu*c-	0	15	2	98	1.0
uuc*-	0	15	9	91	0.6030611925014224
u*u*c*-	4	11	27	73	1.0
u*uca	3	12	15	85	0.7024684594145707
uu*ca	3	12	15	85	0.7024684594145707
uuc*a	0	15	26	74	0.021271353514792497
u*u*c*a	15	0	99	1	1.0
u*ucc	2	13	25	75	0.5150176970034019
uu*cc	2	13	25	75	0.5150176970034019
uuc*c	3	12	21	79	1.0
u*u*c*c	15	0	100	0	1.0
u*ucu	3	12	26	74	0.7575739467974134
uu*cu	3	12	26	74	0.7575739467974134
uuc*u	3	12	24	76	1.0
u*u*c*u	15	0	100	0	1.0
u*uga	2	13	21	79	0.7319089173048273
uu*ga	2	13	21	79	0.7319089173048273
uug*a	2	13	24	76	0.5147116793740311
u*u*g*a	15	0	99	1	1.0
u*ugc	3	12	18	82	1.0
uu*gc	3	12	18	82	1.0
uug*c	4	11	27	73	1.0
u*u*g*c	15	0	100	0	1.0
u*ugg	4	11	27	73	1.0
uu*gg	4	11	27	73	1.0
uug*g	3	12	20	80	1.0
u*u*g*g	15	0	100	0	1.0
u*ugu	2	13	28	72	0.34714581955568824
uu*gu	2	13	28	72	0.34714581955568824
uug*u	2	13	25	75	0.5150176970034019
u*u*g*u	15	0	100	0	1.0
u*uu-	0	15	7	93	0.5918913290096985
uu*u-	0	15	7	93	0.5918913290096985
uuu*-	0	15	7	93	0.5918913290096985
u*u*u*-	4	11	27	73	1.0
u*uua	0	15	18	82	0.12276359547776422
uu*ua	0	15	18	82	0.12276359547776422
uuu*a	0	15	18	82	0.12276359547776422
u*u*u*a	15	0	99	1	1.0
u*uuc	3	12	21	79	1.0
uu*uc	3	12	21	79	1.0
uuu*c	3	12	21	79	1.0
u*u*u*c	15	0	100	0	1.0
u*uug	3	12	20	80	1.0
uu*ug	3	12	20	80	1.0
uuu*g	3	12	20	80	1.0
u*u*u*g	15	0	100	0	1.0
u*uuu	2	13	21	79	0.7319089173048273
uu*uu	2	13	21	79	0.7319089173048273
uuu*u	2	13	21	79	0.7319089173048273
u*u*u*u	15	0	100	0	1.0
